{"vertex":[-1,0,0.999999,1,0,-1,-1,0,-1,-1,0,0.999999,1,0,1,1,0,-1],"normal":[0,1,0,0,1,0,0,1,0,0,1,0,0,1,0,0,1,0],"uv":[0.2016,0.2153,0.0232,0.0369,0.2016,0.0369,0.2016,0.2153,0.0232,0.2153,0.0232,0.0369]}